Temperature,Revenue
24.56688442,534.7990284
26.00519115,625.1901215
27.79055388,660.6322888
20.59533505,487.7069603
11.50349764,316.2401944
